{
  "IcoMoonType": "selection",
  "icons": [
    {
      "icon": {
        "paths": [
          "M469.333 810.667c188.513 0 341.333-152.82 341.333-341.333s-152.82-341.333-341.333-341.333v0c-188.513 0-341.333 152.82-341.333 341.333s152.82 341.333 341.333 341.333v0zM896 896l-185.6-185.6"
        ],
        "attrs": [
          {
            "fill": "none",
            "stroke": "rgb(255, 255, 255)",
            "strokeLinejoin": "round",
            "strokeLinecap": "round",
            "strokeMiterlimit": "4",
            "strokeWidth": 85.33333333333333
          }
        ],
        "isMulticolor": false,
        "isMulticolor2": false,
        "grid": 0,
        "tags": [
          "search 2 (1)"
        ],
        "colorPermutations": {
          "1291291291255107812552552551": [
            {
              "s": 2
            }
          ]
        }
      },
      "attrs": [
        {
          "fill": "none",
          "stroke": "rgb(255, 255, 255)",
          "strokeLinejoin": "round",
          "strokeLinecap": "round",
          "strokeMiterlimit": "4",
          "strokeWidth": 85.33333333333333
        }
      ],
      "properties": {
        "order": 2,
        "id": 3,
        "name": "search-2-1",
        "prevSize": 32
      },
      "setIdx": 0,
      "setId": 2,
      "iconIdx": 0
    },
    {
      "icon": {
        "paths": [
          "M551.385 1014.548l-77.194-77.194c-286.72-253.637-474.191-424.566-474.191-634.092 0-170.929 132.332-303.262 303.262-303.262 93.735 0 187.471 44.111 248.123 115.791 60.652-71.68 154.388-115.791 248.123-115.791 170.929 0 303.262 132.332 303.262 303.262 0 209.526-187.471 380.455-474.191 634.092l-77.194 77.194z"
        ],
        "attrs": [
          {
            "fill": "rgb(255, 107, 8)"
          }
        ],
        "width": 1103,
        "isMulticolor": false,
        "isMulticolor2": false,
        "grid": 0,
        "tags": [
          "heart (1)"
        ],
        "colorPermutations": {
          "1291291291255107812552552551": [
            {
              "f": 1
            }
          ]
        }
      },
      "attrs": [
        {
          "fill": "rgb(255, 107, 8)"
        }
      ],
      "properties": {
        "order": 3,
        "id": 2,
        "name": "heart-1",
        "prevSize": 32
      },
      "setIdx": 0,
      "setId": 2,
      "iconIdx": 1
    },
    {
      "icon": {
        "paths": [
          "M845.653 85.333h-667.307c-51.37-0-93.013 41.643-93.013 93.013h0v667.307c-0 51.37 41.643 93.013 93.013 93.013v0h667.307c51.37 0 93.013-41.643 93.013-93.013v0-667.307c0-51.37-41.643-93.013-93.013-93.013v0zM298.667 85.333v853.333M725.333 85.333v853.333M85.333 512h853.333M85.333 298.667h213.333M85.333 725.333h213.333M725.333 725.333h213.333M725.333 298.667h213.333"
        ],
        "attrs": [
          {
            "fill": "none",
            "stroke": "rgb(129, 129, 129)",
            "strokeLinejoin": "round",
            "strokeLinecap": "round",
            "strokeMiterlimit": "4",
            "strokeWidth": 85.33333333333333
          }
        ],
        "isMulticolor": false,
        "isMulticolor2": false,
        "grid": 0,
        "tags": [
          "film (1)"
        ],
        "colorPermutations": {
          "1291291291255107812552552551": [
            {
              "s": 0
            }
          ]
        }
      },
      "attrs": [
        {
          "fill": "none",
          "stroke": "rgb(129, 129, 129)",
          "strokeLinejoin": "round",
          "strokeLinecap": "round",
          "strokeMiterlimit": "4",
          "strokeWidth": 85.33333333333333
        }
      ],
      "properties": {
        "order": 4,
        "id": 1,
        "name": "film-1",
        "prevSize": 32
      },
      "setIdx": 0,
      "setId": 2,
      "iconIdx": 2
    },
    {
      "icon": {
        "paths": [
          "M273.067 273.067l477.867 477.867M273.067 750.933l477.867-477.867"
        ],
        "attrs": [
          {
            "fill": "none",
            "strokeLinejoin": "miter",
            "strokeLinecap": "butt",
            "strokeMiterlimit": "4",
            "strokeWidth": 68.26666666666667
          }
        ],
        "isMulticolor": false,
        "isMulticolor2": false,
        "grid": 0,
        "tags": [
          "close (1)"
        ],
        "colorPermutations": {
          "1291291291255107812552552551": [
            {
              "s": 0
            }
          ]
        }
      },
      "attrs": [
        {
          "fill": "none",
          "strokeLinejoin": "miter",
          "strokeLinecap": "butt",
          "strokeMiterlimit": "4",
          "strokeWidth": 68.26666666666667
        }
      ],
      "properties": {
        "order": 5,
        "id": 0,
        "name": "close-1",
        "prevSize": 32
      },
      "setIdx": 0,
      "setId": 2,
      "iconIdx": 3
    }
  ],
  "height": 1024,
  "preferences": {
    "showGlyphs": true,
    "showQuickUse": true,
    "showQuickUse2": true,
    "showSVGs": true,
    "fontPref": {
      "prefix": "icon-",
      "metadata": {
        "fontFamily": "icomoon"
      },
      "metrics": {
        "emSize": 1024,
        "baseline": 6.25,
        "whitespace": 50
      },
      "embed": false
    },
    "imagePref": {
      "prefix": "icon-",
      "png": true,
      "useClassSelector": true,
      "color": 0,
      "bgColor": 16777215,
      "classSelector": ".icon",
      "name": "icomoon"
    },
    "historySize": 50,
    "showCodes": true,
    "gridSize": 16
  }
}